x_turning,y_turning,angle_turning
-4.0,0.0,-246
-2.41154,-1.052832,-174
1.027133,-1.116533,-174
5.120031,-0.9023506,-138
9.007524,0.7541088,-156
12.89118,2.805567,-156
16.8233,4.897858,-138
19.93927,7.895769,-120
23.00529,10.82956,-156
25.85812,12.67411,-192
